{
  "trades": 6,
  "wins": 4,
  "losses": 1,
  "total_pnl": 10.651724,
  "win_rate": 66.7,
  "profit_factor": 17.89,
  "max_drawdown": 0.1837474369147282,
  "best": 3.8746,
  "worst": -0.6307,
  "mode": "TEST"
}