{
  "trades": 8,
  "wins": 5,
  "losses": 2,
  "total_pnl": 10.878524,
  "win_rate": 62.5,
  "profit_factor": 8.59,
  "max_drawdown": 0.4010117995640587,
  "best": 3.8746,
  "worst": -0.8022,
  "mode": "TEST"
}