{
  "trades": 16,
  "wins": 11,
  "losses": 5,
  "total_pnl": -1.319026,
  "win_rate": 68.8,
  "profit_factor": 0.94,
  "max_drawdown": 4.1211992769219465,
  "best": 3.8746,
  "worst": -20.8441,
  "mode": "TEST"
}