{
  "trades": 21,
  "wins": 12,
  "losses": 8,
  "total_pnl": -24.894865,
  "win_rate": 57.1,
  "profit_factor": 0.63,
  "max_drawdown": 4.1211992769219465,
  "best": 6.9584,
  "worst": -12.579864,
  "mode": "TEST"
}