{
  "trades": 10,
  "wins": 7,
  "losses": 2,
  "total_pnl": 12.500973,
  "win_rate": 70.0,
  "profit_factor": 9.72,
  "max_drawdown": 0.4010117995640587,
  "best": 3.8746,
  "worst": -0.8022,
  "mode": "TEST"
}