{
  "trades": 11,
  "wins": 8,
  "losses": 3,
  "total_pnl": 12.11395,
  "win_rate": 72.7,
  "profit_factor": 6.96,
  "max_drawdown": 0.4010117995640587,
  "best": 3.8746,
  "worst": -0.8022,
  "mode": "TEST"
}