{
  "trades": 21,
  "wins": 13,
  "losses": 8,
  "total_pnl": -20.960982,
  "win_rate": 61.9,
  "profit_factor": 0.72,
  "max_drawdown": 4.1211992769219465,
  "best": 6.9584,
  "worst": -12.579864,
  "mode": "TEST"
}