{
  "trades": 14,
  "wins": 10,
  "losses": 4,
  "total_pnl": 17.508997,
  "win_rate": 71.4,
  "profit_factor": 8.72,
  "max_drawdown": 0.4010117995640587,
  "best": 3.8746,
  "worst": -0.8022,
  "mode": "TEST"
}